"State","Avg","Std"
"'0101'",0.375966666666642,0.00122836838484575
"'1010'",0.368499999999976,0.00200499376557612
"'1111'",0.0646333333333342,0.00157973274814308
"'0000'",0.0641333333333341,0.00277648858972792
"'0110'",0.0641000000000008,0.00188325958557679
"'1001'",0.0626666666666674,0.00105303793326212
"'0001'",0,0
"'0010'",0,0
"'0011'",0,0
"'0100'",0,0
"'0111'",0,0
"'1000'",0,0
"'1011'",0,0
"'1100'",0,0
"'1101'",0,0
"'1110'",0,0
