"State","Avg","Std"
"'1001'",0.377233333333308,0.00239768406778033
"'0110'",0.371966666666642,0.00194307888557174
"'0101'",0.0653666666666675,0.000339934634239529
"'1100'",0.0628333333333341,0.00172497987105813
"'0011'",0.0627000000000008,0.00115758369027906
"'1010'",0.0599000000000007,0.000962635271879604
"'0000'",0,0
"'0001'",0,0
"'0010'",0,0
"'0100'",0,0
"'0111'",0,0
"'1000'",0,0
"'1011'",0,0
"'1101'",0,0
"'1110'",0,0
"'1111'",0,0
