State,Avg,Std
'00',0.50042,0.000325372
'11',0.49958,0.000325372
