State,Avg,Std
'10',0.250406667,0.002038305
'01',0.250553333,0.000839299
'11',0.249223333,0.000299592
'00',0.249816667,0.002146009
