State,Avg,Std
'10',0.499566667,0.000638766
'01',0.500433333,0.000638766
