State,Avg,Std
'00',0.250783333,0.000925071
'11',0.250286667,0.001652964
'10',0.249953333,0.001277506
'01',0.248976667,0.00055114
